¿Cuál es tu género?,¿Cuál es tu edad?,¿Dónde vivís?,Si seleccionaste 'Otra provincia' ¿Podrías contarnos cuál?,¿Cuál es tu opinión sobre la cuarentena?,Si trabajás o estudiás ¿Pudiste hacerlo desde tu casa? ,Te dejamos este espacio para que nos cuentes más sobre tu actividad,¿Qué pensas de que se pueda volver a circular entre provincias?,Te dejamos este espacio para que nos cuentes qué pensas sobre la circulación entre provincias,Submitter,Submission Date
Mujer,Entre 36 y 45 años,Provincia de Buenos Aires,,La cuarentena sigue siendo muy necesaria,No trabajo ni estudio,,Estoy muy en desacuerdo con que se pueda volver a circular entre provincias,,,"6/28/2020, 3:23:53 PM"
Mujer,Entre 36 y 45 años,Ciudad Autónoma de Buenos Aires,,La cuarentena ya no es tan necesaria,"Si, pude hacerlo online",Trabajo independiente por eso no me cambió la modalidad pero se redujero n los ingresos.,Estoy algo de acuerdo con que se pueda volver a circular entre provincias,,,"6/28/2020, 3:35:10 PM"
Mujer,Entre 36 y 45 años,Provincia de Buenos Aires,,La cuarentena sigue siendo muy necesaria,"Si, pude hacerlo online",Ama de casa,Estoy muy en desacuerdo con que se pueda volver a circular entre provincias,Q va a ver muchos contagios,,"6/28/2020, 4:17:06 PM"
Mujer,Entre 36 y 45 años,Otra provincia,Misiones,La cuarentena sigue siendo muy necesaria,"Si, pude hacerlo online","Trabajo en Turismo,está parado el sector, igualmente nos capacitamos on line. Yo estoy desde el 16 de marzo en mí domicilio porque soy personal de riesgo, diabética e hipertensa.",Estoy muy en desacuerdo con que se pueda volver a circular entre provincias,"No estoy de acuerdo, hasta que pase este ""pico"" de la pandemia,porque la gente se toma muchas libertades y no se cuidan.",,"6/28/2020, 5:02:47 PM"
Mujer,Entre 56 y 65 años,Otra provincia,Corrientes,La cuarentena sigue siendo algo necesaria,"No, todavía no pude volver a hacerlo",Cuido gente de la tercera edad,Estoy muy en desacuerdo con que se pueda volver a circular entre provincias,"En mi caso,Chaco esta muy co.plicado para cruzar a Corrientes o viceversa",,"6/28/2020, 5:30:55 PM"
Mujer,Entre 26 y 35 años,Provincia de Buenos Aires,,La cuarentena sigue siendo muy necesaria,No trabajo ni estudio,Ama de casa ayudo a hacer la actividad del colegio a mis hijos,Estoy algo en desacuerdo con que se pueda volver a circular entre provincias,Si siguen circulando abra más contagio,,"6/28/2020, 6:22:20 PM"
Mujer,Entre 26 y 35 años,Provincia de Buenos Aires,,La cuarentena sigue siendo muy necesaria,"No, todavía no pude volver a hacerlo",,Estoy algo en desacuerdo con que se pueda volver a circular entre provincias,,,"6/28/2020, 6:23:07 PM"
Mujer,Entre 36 y 45 años,Provincia de Buenos Aires,,La cuarentena sigue siendo algo necesaria,"Si, pude hacerlo online",,Estoy muy de acuerdo con que se pueda volver a circular entre provincias,,,"6/28/2020, 6:24:58 PM"
Mujer,Entre 26 y 35 años,Otra provincia,Santa fe,La cuarentena sigue siendo muy necesaria,No trabajo ni estudio,Ama de casa,Estoy algo de acuerdo con que se pueda volver a circular entre provincias,Que hay que estar muy atentos y seguir cuidandonos ,,"6/28/2020, 6:44:13 PM"
Mujer,Entre 36 y 45 años,Provincia de Buenos Aires,,La cuarentena sigue siendo muy necesaria,"No, todavía no pude volver a hacerlo",,Estoy algo de acuerdo con que se pueda volver a circular entre provincias,,,"6/28/2020, 6:49:37 PM"
Mujer,Entre 36 y 45 años,Provincia de Buenos Aires,,La cuarentena sigue siendo algo necesaria,"No, tuve que hacerlo de manera presencial",,Estoy algo de acuerdo con que se pueda volver a circular entre provincias,,,"6/28/2020, 7:26:57 PM"
Mujer,Entre 36 y 45 años,Provincia de Buenos Aires,,La cuarentena sigue siendo algo necesaria,No trabajo ni estudio,,Estoy algo de acuerdo con que se pueda volver a circular entre provincias,deberia de haber quience dias de aislamente para quien llegue a un lugar ,,"6/28/2020, 7:51:09 PM"
Mujer,Entre 36 y 45 años,Otra provincia,Corrientes ,,,Ninguna ,Estoy algo de acuerdo con que se pueda volver a circular entre provincias,Ni idea ,,"6/28/2020, 8:07:48 PM"
Mujer,Entre 56 y 65 años,Otra provincia,Tucuman,La cuarentena sigue siendo muy necesaria,"Si, pude hacerlo online",,Estoy algo en desacuerdo con que se pueda volver a circular entre provincias,,,"6/28/2020, 8:09:44 PM"
Mujer,Entre 36 y 45 años,Otra provincia,Corrientes ,La cuarentena sigue siendo muy necesaria,No trabajo ni estudio,Ama de casa,Estoy algo en desacuerdo con que se pueda volver a circular entre provincias,Se puede expandir aún más el virus ,,"6/28/2020, 9:29:33 PM"
Mujer,Entre 36 y 45 años,Provincia de Buenos Aires,,La cuarentena ya no es nada necesaria,"No, tuve que hacerlo de manera presencial",,Estoy muy de acuerdo con que se pueda volver a circular entre provincias,,,"6/28/2020, 10:14:01 PM"
Mujer,Entre 36 y 45 años,Provincia de Buenos Aires,,La cuarentena sigue siendo muy necesaria,"No, todavía no pude volver a hacerlo",Estoy estudiando online pero aun no retomé normalmente el trabajo.,Estoy muy en desacuerdo con que se pueda volver a circular entre provincias,Es muy riesgosa,,"6/28/2020, 11:05:21 PM"
Mujer,Entre 36 y 45 años,Provincia de Buenos Aires,,La cuarentena sigue siendo muy necesaria,"Si, pude hacerlo online",,Estoy muy en desacuerdo con que se pueda volver a circular entre provincias,,,"6/28/2020, 11:25:31 PM"
Mujer,Entre 36 y 45 años,Otra provincia,Córdoba,La cuarentena ya no es nada necesaria,"No, todavía no pude volver a hacerlo",Artículo para fiestas ,Estoy muy de acuerdo con que se pueda volver a circular entre provincias,Necesaria,,"6/28/2020, 11:40:22 PM"
Mujer,Entre 36 y 45 años,Otra provincia,Chaco,La cuarentena sigue siendo algo necesaria,"No, tuve que hacerlo de manera presencial",,Estoy algo de acuerdo con que se pueda volver a circular entre provincias,,,"6/28/2020, 11:43:32 PM"
Mujer,Entre 36 y 45 años,Provincia de Buenos Aires,,La cuarentena sigue siendo muy necesaria,No trabajo ni estudio,Hago francos en un kiosco ,Estoy muy en desacuerdo con que se pueda volver a circular entre provincias,"No estaría bueno , porque se puede llevar el virus a lugares donde no hay ...Es pigroso , y más buenos aires , el más contaminado ...",,"6/29/2020, 12:17:20 AM"
Mujer,Entre 26 y 35 años,Provincia de Buenos Aires,Morón ,La cuarentena sigue siendo muy necesaria,"No, todavía no pude volver a hacerlo",Ayudante de cosina en bufete escolar ,Estoy algo en desacuerdo con que se pueda volver a circular entre provincias,I,,"6/29/2020, 1:00:00 AM"
Mujer,Entre 36 y 45 años,Provincia de Buenos Aires,,La cuarentena ya no es nada necesaria,"Si, pude hacerlo online",Docente ,Estoy muy de acuerdo con que se pueda volver a circular entre provincias,Perfecto,,"6/29/2020, 1:05:56 AM"
Mujer,Entre 36 y 45 años,Provincia de Buenos Aires,,La cuarentena sigue siendo muy necesaria,"Si, pude hacerlo online",,Estoy algo en desacuerdo con que se pueda volver a circular entre provincias,,,"6/29/2020, 1:28:43 AM"
Mujer,Entre 36 y 45 años,Provincia de Buenos Aires,,La cuarentena sigue siendo algo necesaria,"No, tuve que hacerlo de manera presencial",,Estoy algo de acuerdo con que se pueda volver a circular entre provincias,,,"6/29/2020, 1:48:14 AM"
Mujer,Entre 36 y 45 años,Provincia de Buenos Aires,,La cuarentena sigue siendo muy necesaria,"No, todavía no pude volver a hacerlo",,Estoy algo de acuerdo con que se pueda volver a circular entre provincias,,,"6/29/2020, 3:40:26 AM"
Mujer,Entre 36 y 45 años,Provincia de Buenos Aires,,La cuarentena ya no es nada necesaria,"Si, pude hacerlo online",,Estoy muy de acuerdo con que se pueda volver a circular entre provincias,Pienso que esta bien! El virus va a convivir con nosotros toda la vida! Que hacemos? Nos matamos? ,,"6/29/2020, 3:42:59 AM"
Mujer,Entre 36 y 45 años,Otra provincia,Entre Ríos,La cuarentena sigue siendo muy necesaria,No trabajo ni estudio,Soy ama de casa y mamá ,Estoy muy en desacuerdo con que se pueda volver a circular entre provincias,Pieso q cada persona se debe quedar donde vive porque tenenemos q pensar en que si vamos de aquí para aya  esto no va á para mas,,"6/29/2020, 5:36:28 AM"
Mujer,Entre 36 y 45 años,Provincia de Buenos Aires,AZUL,La cuarentena ya no es tan necesaria,"Si, pude hacerlo online",,Estoy algo en desacuerdo con que se pueda volver a circular entre provincias,,,"6/29/2020, 7:18:36 AM"
Mujer,Entre 36 y 45 años,Provincia de Buenos Aires,,La cuarentena sigue siendo muy necesaria,"No, todavía no pude volver a hacerlo",Soy comerciante tengo un kiosko pero preferí cerrar y preservar la salud la gente no se cuida ni respeta nada !!!!,Estoy muy en desacuerdo con que se pueda volver a circular entre provincias,,,"6/29/2020, 8:09:02 AM"
Mujer,Entre 36 y 45 años,Provincia de Buenos Aires,,La cuarentena sigue siendo muy necesaria,No trabajo ni estudio,Soy ama de casa.tengo 2 nenas,Estoy algo de acuerdo con que se pueda volver a circular entre provincias,,,"6/29/2020, 10:11:57 AM"
Mujer,Entre 36 y 45 años,Otra provincia,Cordoba,La cuarentena sigue siendo muy necesaria,"Si, pude hacerlo online",,Estoy algo de acuerdo con que se pueda volver a circular entre provincias,Debe ser muy controlada. ,,"6/29/2020, 10:32:17 AM"
Mujer,Entre 36 y 45 años,Provincia de Buenos Aires,,La cuarentena ya no es tan necesaria,"No, tuve que hacerlo de manera presencial",Soy vendedora  domiciliaria y es presencial mi trabajo ,Estoy muy de acuerdo con que se pueda volver a circular entre provincias,Mientras respeten los protocolos,,"6/29/2020, 10:52:13 AM"
Mujer,Entre 36 y 45 años,Otra provincia,Santa fe,La cuarentena sigue siendo muy necesaria,"Si, pude hacerlo online",Docente,Estoy algo en desacuerdo con que se pueda volver a circular entre provincias,Por los contagios,,"6/29/2020, 10:57:23 AM"
Mujer,Entre 56 y 65 años,Provincia de Buenos Aires,,La cuarentena ya no es nada necesaria,No trabajo ni estudio,Miedos panicos,Estoy muy en desacuerdo con que se pueda volver a circular entre provincias,No no estoy de acuerdo,,"6/29/2020, 11:47:42 AM"
Mujer,Entre 36 y 45 años,Provincia de Buenos Aires,,La cuarentena sigue siendo muy necesaria,"Si, pude hacerlo online",,Estoy muy de acuerdo con que se pueda volver a circular entre provincias,,,"6/29/2020, 12:22:28 PM"
Mujer,Entre 26 y 35 años,Otra provincia,Chaco,La cuarentena sigue siendo muy necesaria,No trabajo ni estudio,,Estoy algo en desacuerdo con que se pueda volver a circular entre provincias,,,"6/29/2020, 12:42:40 PM"
Mujer,Entre 36 y 45 años,Provincia de Buenos Aires,,La cuarentena sigue siendo muy necesaria,No trabajo ni estudio,,Estoy muy en desacuerdo con que se pueda volver a circular entre provincias,,,"6/29/2020, 1:05:20 PM"
Mujer,Entre 36 y 45 años,Otra provincia,Entre Ríos ,La cuarentena sigue siendo muy necesaria,"Si, pude hacerlo online",De mi jornada de 8 hs hago 4 presenciales (porque tengo que hacer cobranza) . las otras 4 las cumplo en casa ,Estoy algo en desacuerdo con que se pueda volver a circular entre provincias,Hay que aislar Bs As del resto del país ,,"6/29/2020, 1:09:03 PM"
Mujer,Entre 36 y 45 años,Ciudad Autónoma de Buenos Aires,,La cuarentena ya no es nada necesaria,"No, todavía no pude volver a hacerlo",Empleado relacion dependencia sector privado en suspensión laboral,Estoy algo de acuerdo con que se pueda volver a circular entre provincias,La economía esta destruida esto no da para mmas,,"6/29/2020, 1:14:07 PM"
Mujer,Entre 36 y 45 años,Otra provincia,Curuzu cuatia corrientes ,La cuarentena sigue siendo muy necesaria,"No, tuve que hacerlo de manera presencial",,Estoy algo en desacuerdo con que se pueda volver a circular entre provincias,,,"6/29/2020, 1:33:44 PM"
Mujer,Entre 36 y 45 años,Provincia de Buenos Aires,,La cuarentena ya no es tan necesaria,"Si, pude hacerlo online",Soy docente,Estoy algo de acuerdo con que se pueda volver a circular entre provincias,,,"6/29/2020, 1:56:47 PM"
Mujer,Entre 36 y 45 años,Provincia de Buenos Aires,,La cuarentena sigue siendo muy necesaria,"No, todavía no pude volver a hacerlo",,Estoy algo de acuerdo con que se pueda volver a circular entre provincias,,,"6/29/2020, 2:42:49 PM"
Mujer,Entre 26 y 35 años,Ciudad Autónoma de Buenos Aires,,La cuarentena ya no es nada necesaria,"No, todavía no pude volver a hacerlo",Soy Perito Calígrafa en el Poder Judicial,,,,"6/29/2020, 3:03:15 PM"
Mujer,Entre 26 y 35 años,Provincia de Buenos Aires,,La cuarentena ya no es nada necesaria,"No, todavía no pude volver a hacerlo",Soy peluquera  . ,Estoy muy de acuerdo con que se pueda volver a circular entre provincias,,,"6/29/2020, 3:07:56 PM"
Mujer,Entre 36 y 45 años,Provincia de Buenos Aires,,La cuarentena sigue siendo muy necesaria,"No, todavía no pude volver a hacerlo",Limpio casas desde que empezó la cuarentena no pude trabajar,Estoy muy en desacuerdo con que se pueda volver a circular entre provincias,Puede a ver traslado del virus donde no hay casos es un riesgo innesesario,,"6/29/2020, 4:56:02 PM"
Mujer,Entre 36 y 45 años,Otra provincia,Córdoba,La cuarentena ya no es nada necesaria,"No, tuve que hacerlo de manera presencial",,Estoy muy de acuerdo con que se pueda volver a circular entre provincias,,,"6/29/2020, 4:56:11 PM"
Mujer,Entre 36 y 45 años,Otra provincia,Salta,La cuarentena ya no es nada necesaria,"Si, pude hacerlo online",Analista se Sistemas de información Universitaria,Estoy muy en desacuerdo con que se pueda volver a circular entre provincias,No.   cada provincia cerrada. pero internamente las que hicieron las cosas bien que dejen libertad  trabajar y salir como Salta de turismo interno... bs as . Chaco e y las otras cerradas .... y las fronteras internacionales BLINDADAS.... PERO ENSERIO ,,"6/29/2020, 6:20:06 PM"
Mujer,Entre 36 y 45 años,Otra provincia,Roque perez,La cuarentena sigue siendo algo necesaria,No trabajo ni estudio,Amás de casa,Estoy algo en desacuerdo con que se pueda volver a circular entre provincias,Mal todo,,"6/29/2020, 8:34:54 PM"
Mujer,Entre 26 y 35 años,Otra provincia,Santa Fe,La cuarentena ya no es nada necesaria,"Si, pude hacerlo online",Pude cursar porque la UNR decidió seguir con el año académico a través de la plataforma virtual.,Estoy muy de acuerdo con que se pueda volver a circular entre provincias,"Es una estupidez la no circulación, lo que deberían evitar es la aglomeración y eso ya se hizo porque ni siquiera te atienden por otros problemas en los hospitales... Son unos inoperantes que sólo saben hacerle caso a los que dictan cosas desde afuera.",,"6/29/2020, 8:43:09 PM"
Mujer,Entre 36 y 45 años,Provincia de Buenos Aires,,La cuarentena sigue siendo muy necesaria,"No, todavía no pude volver a hacerlo",,Estoy muy de acuerdo con que se pueda volver a circular entre provincias,,,"6/29/2020, 8:51:51 PM"
Mujer,Entre 36 y 45 años,Provincia de Buenos Aires,,La cuarentena sigue siendo muy necesaria,"Si, pude hacerlo online",,Estoy algo de acuerdo con que se pueda volver a circular entre provincias,Tiene que ser muy controlado Como sabemos el virus circula con las personas.Muy atentos con eso ,,"6/29/2020, 9:21:54 PM"
Mujer,Entre 36 y 45 años,Provincia de Buenos Aires,,La cuarentena ya no es tan necesaria,No trabajo ni estudio,,Estoy muy en desacuerdo con que se pueda volver a circular entre provincias,,,"6/29/2020, 9:34:45 PM"
Mujer,Entre 26 y 35 años,Otra provincia,Corrientes ,La cuarentena sigue siendo muy necesaria,"Si, pude hacerlo online",Realizamos actividades online ,Estoy algo en desacuerdo con que se pueda volver a circular entre provincias,Menos circulación y se evita el contagio ,,"6/29/2020, 10:56:57 PM"
Mujer,Entre 36 y 45 años,Provincia de Buenos Aires,,La cuarentena ya no es nada necesaria,No trabajo ni estudio,Manicura. Técnica certificada en uñas esculpidas y doy clases. ,Estoy algo en desacuerdo con que se pueda volver a circular entre provincias,No debería.  Y tampoco que entre gente de afuera. Incluyendo  políticos  que no la respetan ,,"6/29/2020, 11:05:26 PM"
Mujer,Entre 36 y 45 años,Otra provincia,Entre Ríos,La cuarentena sigue siendo muy necesaria,"Si, pude hacerlo online",No pude hacer las prácticas en jardín  de infantes ni maternal,Estoy algo de acuerdo con que se pueda volver a circular entre provincias,"Me parece mejor que cada provincia no deje ingresar ,salvo casos puntuales por salud  o camioneros ",,"6/29/2020, 11:14:55 PM"
Mujer,Entre 36 y 45 años,Otra provincia,Mendoza,La cuarentena sigue siendo muy necesaria,"Si, pude hacerlo online",Soy docente.,Estoy algo en desacuerdo con que se pueda volver a circular entre provincias,Si es para vacacionar o conocer no estoy de acuerdo por el momento,,"6/29/2020, 11:57:14 PM"
Mujer,Entre 36 y 45 años,Otra provincia,,La cuarentena ya no es nada necesaria,"No, todavía no pude volver a hacerlo",Independiente,Estoy muy de acuerdo con que se pueda volver a circular entre provincias,,,"6/29/2020, 11:59:30 PM"
Mujer,Entre 26 y 35 años,Otra provincia,Mendoza,La cuarentena sigue siendo muy necesaria,"Si, pude hacerlo online",,Estoy muy en desacuerdo con que se pueda volver a circular entre provincias,Estoy desacuerdo porque así las personas hacen la cuarente y no se contagian ,,"6/30/2020, 12:05:49 AM"
Mujer,Entre 36 y 45 años,Provincia de Buenos Aires,,La cuarentena sigue siendo muy necesaria,No trabajo ni estudio,no pude empesar el estudio nunca abrió fines este año y mi trabajo lo perdí xq mi jefa no pudo seguir pagándome ,Estoy muy en desacuerdo con que se pueda volver a circular entre provincias,APENAS QUE SE RELAJO LAS FRONTERAS ENTRE PROVINCIA SE DESMADRO DE NUEVO EL COVID 19,,"6/30/2020, 12:52:56 AM"
Mujer,Entre 26 y 35 años,Otra provincia,General San Martín,La cuarentena sigue siendo muy necesaria,No trabajo ni estudio,Solamente en casa no salgo ningún lado cuido mis niñas con tds los cuidados el Papa de mis hija si trabaja en supermercados,Estoy muy en desacuerdo con que se pueda volver a circular entre provincias,No kiero q circulen gente ni q vgas de Resistencia donde sta muy contagiado,,"6/30/2020, 1:08:38 AM"
Mujer,Entre 36 y 45 años,Otra provincia,Mendoza,La cuarentena sigue siendo muy necesaria,"Si, pude hacerlo online",Ama de casa,Estoy muy en desacuerdo con que se pueda volver a circular entre provincias,No creo q sea el momento,,"6/30/2020, 3:04:45 AM"
Mujer,Entre 36 y 45 años,Provincia de Buenos Aires,,La cuarentena sigue siendo muy necesaria,"Si, pude hacerlo online",,Estoy muy en desacuerdo con que se pueda volver a circular entre provincias,No estoy d acuerdo en mi ciudad hay muy poco casos y todos tratamos d cuidarnos por más que estemos en face 5 yo y mi familia nos seguimos cuidando no salimos d casa si no es necesarios ,,"6/30/2020, 4:10:31 AM"
Mujer,Entre 26 y 35 años,Otra provincia,Rosario,La cuarentena ya no es tan necesaria,"No, todavía no pude volver a hacerlo",,Estoy muy en desacuerdo con que se pueda volver a circular entre provincias,"Tendrían que cerrar las fronteras de las provincias, mas que todo buenos aires y chaco dejando solo pasar lo esencial y que los trabajadores cumplan con la cuarentena al volver a sus casas.. Cosa que casi nadie lo hace",,"6/30/2020, 6:34:54 AM"
Mujer,Entre 36 y 45 años,Provincia de Buenos Aires,,La cuarentena sigue siendo algo necesaria,No trabajo ni estudio,Me quede sin trabajo desde el 20 de marzo,Estoy muy en desacuerdo con que se pueda volver a circular entre provincias,Es muy riesgoso mas para provincias sin  virus.. mejor primero circulacion entre jurisdicciones de la misma provincia y despues ver si abrir la circulacion entre provincias.. ,,"6/30/2020, 6:56:24 AM"
Mujer,Entre 36 y 45 años,Provincia de Buenos Aires,,La cuarentena sigue siendo muy necesaria,"No, tuve que hacerlo de manera presencial",Soy empleada domestica,Estoy algo de acuerdo con que se pueda volver a circular entre provincias,,,"6/30/2020, 7:02:24 AM"
Mujer,Entre 36 y 45 años,Provincia de Buenos Aires,,La cuarentena ya no es nada necesaria,"Si, pude hacerlo online",,Estoy algo en desacuerdo con que se pueda volver a circular entre provincias,,,"6/30/2020, 10:15:11 AM"
Mujer,Entre 26 y 35 años,Provincia de Buenos Aires,,La cuarentena ya no es tan necesaria,"Si, pude hacerlo online",También trabajo,Estoy algo de acuerdo con que se pueda volver a circular entre provincias,Pienso que es algo planeado,,"6/30/2020, 10:17:55 AM"
Mujer,Entre 36 y 45 años,Ciudad Autónoma de Buenos Aires,,La cuarentena sigue siendo algo necesaria,No trabajo ni estudio,,Estoy algo en desacuerdo con que se pueda volver a circular entre provincias,,,"6/30/2020, 11:38:51 AM"
Mujer,Entre 36 y 45 años,Ciudad Autónoma de Buenos Aires,,La cuarentena sigue siendo muy necesaria,"No, tuve que hacerlo de manera presencial",Hostelería,Estoy muy de acuerdo con que se pueda volver a circular entre provincias,,,"6/30/2020, 12:24:45 PM"
Mujer,Entre 36 y 45 años,Otra provincia,Chaco,La cuarentena sigue siendo muy necesaria,"No, tuve que hacerlo de manera presencial",Medica,Estoy muy en desacuerdo con que se pueda volver a circular entre provincias,Chaco debería quedar cerrado hasta bajar la curva,,"6/30/2020, 12:44:44 PM"
Mujer,Entre 46 y 55 años,Provincia de Buenos Aires,,La cuarentena sigue siendo muy necesaria,"Si, pude hacerlo online",Hago ejercios en casa.  Y estudio online Cocina.,Estoy muy en desacuerdo con que se pueda volver a circular entre provincias,"Creo que es innecesario . Porque la gente no toma conciencia de la gravedad del asunto. Creo que no les importa la vida de ellos y menos del projimo. Tambien los comentarios o ideologias politicas de muchos, no ayuda xque no hablan de concientizar a la gente sobre cuidarse. Lo que hacen solo es  confundirlos de que no existe esta pandemia y por lo tanto descuidan su salud y del otro.",,"6/30/2020, 1:14:15 PM"
Mujer,Entre 26 y 35 años,Provincia de Buenos Aires,,La cuarentena ya no es tan necesaria,"Si, pude hacerlo online",,Estoy muy de acuerdo con que se pueda volver a circular entre provincias,,,"6/30/2020, 1:18:01 PM"
Mujer,Entre 26 y 35 años,Provincia de Buenos Aires,,La cuarentena sigue siendo muy necesaria,"No, todavía no pude volver a hacerlo",Auxiliar,Estoy muy en desacuerdo con que se pueda volver a circular entre provincias,No estoy deacuerdo,,"6/30/2020, 1:23:08 PM"
Mujer,Entre 56 y 65 años,Provincia de Buenos Aires,,La cuarentena sigue siendo algo necesaria,"No, todavía no pude volver a hacerlo",Administrativo hace 43 años,Estoy muy en desacuerdo con que se pueda volver a circular entre provincias,No debe  a ver circulación ,,"6/30/2020, 2:09:54 PM"
Mujer,Entre 36 y 45 años,Provincia de Buenos Aires,,La cuarentena ya no es nada necesaria,No trabajo ni estudio,,,,,"6/30/2020, 2:21:55 PM"
Mujer,Entre 56 y 65 años,Otra provincia,Santa Fe,La cuarentena sigue siendo muy necesaria,"Si, pude hacerlo online",Docente,Estoy algo en desacuerdo con que se pueda volver a circular entre provincias,No va a ser peor!!!,,"6/30/2020, 2:50:11 PM"
Mujer,Entre 36 y 45 años,Otra provincia,Misiones ,La cuarentena sigue siendo algo necesaria,"Si, pude hacerlo online",,Estoy algo en desacuerdo con que se pueda volver a circular entre provincias,,,"6/30/2020, 3:03:26 PM"
Mujer,Entre 26 y 35 años,Otra provincia,Entre Ríos,La cuarentena ya no es tan necesaria,"Si, pude hacerlo online",,Estoy algo en desacuerdo con que se pueda volver a circular entre provincias,Deberían cerrar las provincias con más casos,,"6/30/2020, 3:40:47 PM"
Mujer,Entre 36 y 45 años,Otra provincia,Rio Negro,La cuarentena sigue siendo muy necesaria,"Si, pude hacerlo online",,Estoy muy en desacuerdo con que se pueda volver a circular entre provincias,,,"6/30/2020, 3:46:12 PM"
Mujer,Entre 26 y 35 años,Provincia de Buenos Aires,,La cuarentena ya no es tan necesaria,"Si, pude hacerlo online",Administrativa y estudiante de Contador publico. La evaluación virtual es un desastre. Nos van a hacer perder el cuatrimestre,Estoy algo de acuerdo con que se pueda volver a circular entre provincias,"Es un riesgo pero no podemos escondernos toda la vida de la enfermedad, como no lo hacemos de la neumonía por dar un ejemplo",,"6/30/2020, 5:00:14 PM"
Mujer,Entre 36 y 45 años,Otra provincia,Misiones ,La cuarentena sigue siendo muy necesaria,"No, todavía no pude volver a hacerlo",Trabajo en una agencia de turismo y nuestro rubro aún no está habilitado ,Estoy algo de acuerdo con que se pueda volver a circular entre provincias,Se puede circular entre provincias mientras no hay casos nuevos de personas con covid 19,,"6/30/2020, 7:04:18 PM"
Mujer,Entre 36 y 45 años,Otra provincia,Rio Negro,La cuarentena sigue siendo muy necesaria,"No, tuve que hacerlo de manera presencial","Trabajo en una casa de comidas, y el horario es hasta las 23:00hs.. y nunca se respeta ese horario porq siempre estamos saliendo 23:50hs.. Osea los empleados si tenemos horario de entrada pero no respetan nuestro horario de salida... Los empleados somos lo mas perjudicados...",Estoy algo en desacuerdo con que se pueda volver a circular entre provincias,"La verdad q es algo bastante arriesgado todo, solo si hay controles extrictos està todo bien..",,"6/30/2020, 7:17:57 PM"
Mujer,Entre 36 y 45 años,Otra provincia,Chaco,La cuarentena sigue siendo algo necesaria,"Si, pude hacerlo online","Docente rural, no todos mis alumnos tienen acceso a internet. Se dificulta con ellos",Estoy muy de acuerdo con que se pueda volver a circular entre provincias,"Se debería poder circular en toda la provincia y entre provincias, con el cuidado necesario. Tenemos q aprender a convivir con el virus. Deberían volver las actividades económicas q no sean de aglomeramiento.",,"6/30/2020, 7:19:03 PM"
Mujer,Entre 36 y 45 años,Otra provincia,Tucuman ,La cuarentena ya no es tan necesaria,"Si, pude hacerlo online",Parte puedo hacerla online. Hago investigación  en laboratorio ,Estoy algo de acuerdo con que se pueda volver a circular entre provincias,,,"6/30/2020, 8:01:05 PM"
Mujer,Entre 36 y 45 años,Otra provincia,Mendoza,La cuarentena sigue siendo muy necesaria,"Si, pude hacerlo online",,Estoy algo en desacuerdo con que se pueda volver a circular entre provincias,,,"6/30/2020, 8:07:55 PM"
Mujer,Entre 26 y 35 años,Otra provincia,Santa Fe,La cuarentena sigue siendo muy necesaria,"No, tuve que hacerlo de manera presencial",Cuidado d persona mayor,Estoy muy en desacuerdo con que se pueda volver a circular entre provincias,S corre el riesgo d contagio,,"6/30/2020, 8:47:09 PM"
Mujer,Entre 36 y 45 años,Otra provincia,Chaco,La cuarentena sigue siendo muy necesaria,"Si, pude hacerlo online",,Estoy algo de acuerdo con que se pueda volver a circular entre provincias,Es correcto si no tienen circulación viral,,"6/30/2020, 9:11:27 PM"
Mujer,Entre 36 y 45 años,Provincia de Buenos Aires,,La cuarentena sigue siendo muy necesaria,No trabajo ni estudio,Más de casa ,Estoy muy en desacuerdo con que se pueda volver a circular entre provincias,,,"6/30/2020, 9:35:21 PM"
Mujer,Entre 36 y 45 años,Otra provincia,Cordoba,La cuarentena sigue siendo algo necesaria,"No, tuve que hacerlo de manera presencial",Peluquera,Estoy algo en desacuerdo con que se pueda volver a circular entre provincias,,,"6/30/2020, 9:47:46 PM"
Mujer,Entre 36 y 45 años,Provincia de Buenos Aires,,La cuarentena ya no es tan necesaria,"No, todavía no pude volver a hacerlo",,Estoy algo de acuerdo con que se pueda volver a circular entre provincias,,,"6/30/2020, 9:47:47 PM"
Mujer,Entre 26 y 35 años,Provincia de Buenos Aires,,La cuarentena sigue siendo muy necesaria,"No, todavía no pude volver a hacerlo",,Estoy muy de acuerdo con que se pueda volver a circular entre provincias,,,"6/30/2020, 9:48:48 PM"
Mujer,Entre 36 y 45 años,Provincia de Buenos Aires,,La cuarentena sigue siendo muy necesaria,No trabajo ni estudio,,Estoy muy en desacuerdo con que se pueda volver a circular entre provincias,Cada cual en su casa...no tendria q haber circulación ,,"6/30/2020, 10:23:36 PM"
Mujer,Entre 36 y 45 años,Provincia de Buenos Aires,,La cuarentena sigue siendo muy necesaria,"Si, pude hacerlo online",Docente,Estoy algo en desacuerdo con que se pueda volver a circular entre provincias,,,"6/30/2020, 10:38:14 PM"
Mujer,Entre 36 y 45 años,Otra provincia,Santa Fe ,La cuarentena sigue siendo muy necesaria,"Si, pude hacerlo online",,Estoy algo en desacuerdo con que se pueda volver a circular entre provincias,,,"6/30/2020, 10:40:01 PM"
Prefiero no contestar,Entre 26 y 35 años,Otra provincia,San Luis,La cuarentena sigue siendo muy necesaria,"No, todavía no pude volver a hacerlo",,Estoy muy en desacuerdo con que se pueda volver a circular entre provincias,,,"6/30/2020, 10:46:40 PM"
Mujer,Entre 26 y 35 años,Provincia de Buenos Aires,,La cuarentena ya no es tan necesaria,"No, todavía no pude volver a hacerlo","Soy personal de salud, enfermera pero el gobernador no tiene ganas de gastar un peso en salud pública entonces jamás contrató personal ",Estoy algo en desacuerdo con que se pueda volver a circular entre provincias,Es innecesaria ,,"6/30/2020, 10:57:53 PM"
Mujer,Entre 36 y 45 años,Ciudad Autónoma de Buenos Aires,,La cuarentena sigue siendo muy necesaria,"No, tuve que hacerlo de manera presencial",,Estoy muy de acuerdo con que se pueda volver a circular entre provincias,Con recaudos será posible,,"6/30/2020, 11:20:11 PM"
Mujer,Entre 36 y 45 años,Provincia de Buenos Aires,,La cuarentena ya no es nada necesaria,"No, tuve que hacerlo de manera presencial",,Estoy algo de acuerdo con que se pueda volver a circular entre provincias,,,"6/30/2020, 11:49:42 PM"
Mujer,Entre 26 y 35 años,Provincia de Buenos Aires,,La cuarentena sigue siendo muy necesaria,No trabajo ni estudio,Soy Ama de casa.,Estoy algo en desacuerdo con que se pueda volver a circular entre provincias,Es peligroso porque aquellas provincias que ya casi no tienen casos positivos estarán en riesgo de un rebrote ,,"7/1/2020, 12:02:58 AM"
Mujer,Entre 26 y 35 años,Provincia de Buenos Aires,Merlo,La cuarentena sigue siendo muy necesaria,"Si, pude hacerlo online",Administración ,Estoy muy de acuerdo con que se pueda volver a circular entre provincias,,,"7/1/2020, 12:06:43 AM"
Mujer,Entre 26 y 35 años,Otra provincia,Villa Mercedes San Luis,La cuarentena sigue siendo muy necesaria,"No, todavía no pude volver a hacerlo",No ya que lo que empecé a estudiar estilista y es de manera presencial y la facultad cerro para armar un hospital para personas que tengan covid19 positivo y asintomáticos,Estoy muy de acuerdo con que se pueda volver a circular entre provincias,Estoy de acuerdo ya que se necesita reponer los supermercados y mayormente cigarrillos en los kioscos y estaciones de servicio,,"7/1/2020, 12:30:59 AM"
Mujer,Entre 46 y 55 años,Provincia de Buenos Aires,,La cuarentena ya no es tan necesaria,"No, todavía no pude volver a hacerlo",,Estoy algo en desacuerdo con que se pueda volver a circular entre provincias,,,"7/1/2020, 12:44:51 AM"
Mujer,Entre 26 y 35 años,Otra provincia,Tucuman,La cuarentena sigue siendo muy necesaria,"No, todavía no pude volver a hacerlo",Era empleada de limpieza informal y perdi mi trabajo,Estoy algo en desacuerdo con que se pueda volver a circular entre provincias,Asi se va a dispersar mas el virus,,"7/1/2020, 12:50:30 AM"
Mujer,Entre 36 y 45 años,Provincia de Buenos Aires,,La cuarentena sigue siendo algo necesaria,No trabajo ni estudio,,Estoy algo en desacuerdo con que se pueda volver a circular entre provincias,Solo en el caso denque sean provincias o ciudades donde no haya circulacion viral y tomando las precauciones y controles necesarios antes de ingresar a la ciudad.,,"7/1/2020, 1:08:32 AM"
Mujer,Entre 36 y 45 años,Ciudad Autónoma de Buenos Aires,,La cuarentena sigue siendo muy necesaria,"Si, pude hacerlo online",Venta de productos varios ,Estoy muy en desacuerdo con que se pueda volver a circular entre provincias,,,"7/1/2020, 1:19:41 AM"
Mujer,Entre 36 y 45 años,Provincia de Buenos Aires,,La cuarentena sigue siendo muy necesaria,"No, todavía no pude volver a hacerlo",,Estoy algo de acuerdo con que se pueda volver a circular entre provincias,,,"7/1/2020, 3:21:02 AM"
Mujer,Entre 36 y 45 años,Provincia de Buenos Aires,,La cuarentena sigue siendo muy necesaria,"No, todavía no pude volver a hacerlo",Juegos,Estoy muy en desacuerdo con que se pueda volver a circular entre provincias,No es necesario,,"7/1/2020, 4:07:44 AM"
Mujer,Entre 26 y 35 años,Otra provincia,Hardy,La cuarentena sigue siendo muy necesaria,No trabajo ni estudio,,Estoy algo en desacuerdo con que se pueda volver a circular entre provincias,,,"7/1/2020, 4:25:44 AM"
Mujer,Entre 36 y 45 años,Provincia de Buenos Aires,,La cuarentena sigue siendo muy necesaria,No trabajo ni estudio,,Estoy muy en desacuerdo con que se pueda volver a circular entre provincias,,,"7/1/2020, 5:43:51 AM"
Mujer,Entre 36 y 45 años,Otra provincia,La Pampa,La cuarentena sigue siendo muy necesaria,"Si, pude hacerlo online",,Estoy muy en desacuerdo con que se pueda volver a circular entre provincias,"No pueden dejar en manos de la gente un tema tan importante, porque no tenemos la responsabilidad de cuidarnos como se debe. Más aún cuando hay gente que ni siquiera reconoce la existencia de la pandemia. Sería absurdo confiar en el cuidado de la gente, esta demostrado que no lo hicieron, hacen ni harán.",,"7/1/2020, 7:30:26 AM"
Prefiero no contestar,Entre 36 y 45 años,Provincia de Buenos Aires,,La cuarentena sigue siendo muy necesaria,"No, todavía no pude volver a hacerlo",Auxiliar de limpieza de la prov. Con cese en abril en medio de la pandemia . Osea abandono de persona !!,Estoy muy en desacuerdo con que se pueda volver a circular entre provincias,No es conveniente todavía.,,"7/1/2020, 8:24:50 AM"
Mujer,Entre 26 y 35 años,Ciudad Autónoma de Buenos Aires,,La cuarentena ya no es tan necesaria,"No, todavía no pude volver a hacerlo",,Estoy muy de acuerdo con que se pueda volver a circular entre provincias,,Viki Menicucci,"7/1/2020, 9:01:17 AM"
Mujer,Entre 36 y 45 años,Provincia de Buenos Aires,,La cuarentena ya no es tan necesaria,"Si, pude hacerlo online",,Estoy muy de acuerdo con que se pueda volver a circular entre provincias,,,"7/1/2020, 9:12:44 AM"
Mujer,Entre 36 y 45 años,Provincia de Buenos Aires,,La cuarentena sigue siendo algo necesaria,No trabajo ni estudio,,Estoy algo en desacuerdo con que se pueda volver a circular entre provincias,,,"7/1/2020, 9:52:39 AM"
Mujer,Entre 36 y 45 años,Provincia de Buenos Aires,,La cuarentena ya no es nada necesaria,No trabajo ni estudio,,Estoy algo en desacuerdo con que se pueda volver a circular entre provincias,,,"7/1/2020, 11:40:42 AM"
Mujer,Entre 36 y 45 años,Provincia de Buenos Aires,,La cuarentena sigue siendo muy necesaria,"Si, pude hacerlo online","Trabajo desde casa pero tengo q salir al correo para ñas entregas, estan suspendidas temporalmente.",Estoy muy en desacuerdo con que se pueda volver a circular entre provincias,Es un alto riesgo para las provincias con poca o nula circulación del virus. Empeoraria mas el problema.,,"7/1/2020, 1:00:45 PM"
Mujer,Entre 36 y 45 años,Otra provincia,Córdoba,La cuarentena sigue siendo muy necesaria,No trabajo ni estudio,,Estoy muy en desacuerdo con que se pueda volver a circular entre provincias,"Algo simple, para poder viajar por otras provincias ya no debe haber Tatis casos de covi19",,"7/1/2020, 1:13:27 PM"
Mujer,Entre 36 y 45 años,Provincia de Buenos Aires,,La cuarentena sigue siendo muy necesaria,No trabajo ni estudio,Ama de casa ,Estoy muy en desacuerdo con que se pueda volver a circular entre provincias,No estoy de acuerdo,,"7/1/2020, 1:26:09 PM"
Mujer,Entre 36 y 45 años,Otra provincia,Neuquen,La cuarentena sigue siendo muy necesaria,"No, todavía no pude volver a hacerlo",,Estoy muy en desacuerdo con que se pueda volver a circular entre provincias,,,"7/1/2020, 1:29:21 PM"
Mujer,Entre 36 y 45 años,Otra provincia,Santa Fe ,La cuarentena ya no es tan necesaria,"Si, pude hacerlo online","Soy docente, y trabajamos el doble que estando en el aula, es un gran desafio esta nueva metodología. ",Estoy algo en desacuerdo con que se pueda volver a circular entre provincias,"Y no estoy de acuerdo porque en la ciudad donde vivo estamos a solo 80km del chaco, una de las provincias con muchos casos y además no cumplen con los protocolos que se exigen.",,"7/1/2020, 2:05:43 PM"
Mujer,Entre 36 y 45 años,Provincia de Buenos Aires,,La cuarentena ya no es tan necesaria,"Si, pude hacerlo online",Docente,Estoy algo de acuerdo con que se pueda volver a circular entre provincias,El q quiera que lo haga pero al llegar a destino 14 dias aislado. ,,"7/1/2020, 2:52:55 PM"
Mujer,Entre 36 y 45 años,Provincia de Buenos Aires,,La cuarentena sigue siendo muy necesaria,"Si, pude hacerlo online",,Estoy algo en desacuerdo con que se pueda volver a circular entre provincias,,,"7/1/2020, 2:59:53 PM"
Mujer,Entre 26 y 35 años,Provincia de Buenos Aires,,La cuarentena ya no es tan necesaria,No trabajo ni estudio,,Estoy muy de acuerdo con que se pueda volver a circular entre provincias,,,"7/1/2020, 4:33:27 PM"
Mujer,Entre 36 y 45 años,Ciudad Autónoma de Buenos Aires,,La cuarentena sigue siendo muy necesaria,"Si, pude hacerlo online","Trabajar desde casa es agotador, aún así prefiero esto a estar enferma y/o aislada",Estoy algo en desacuerdo con que se pueda volver a circular entre provincias,Solo si circulan gente con actividades escenciales,,"7/1/2020, 4:36:45 PM"
Mujer,Entre 36 y 45 años,Otra provincia,Rio Negro,La cuarentena sigue siendo muy necesaria,"Si, pude hacerlo online",,Estoy algo de acuerdo con que se pueda volver a circular entre provincias,Si es para trabajar lo veo bien. ,,"7/1/2020, 4:54:40 PM"
Mujer,Entre 36 y 45 años,Provincia de Buenos Aires,,La cuarentena sigue siendo muy necesaria,No trabajo ni estudio,,Estoy muy en desacuerdo con que se pueda volver a circular entre provincias,,,"7/1/2020, 5:44:57 PM"
Mujer,Entre 26 y 35 años,Provincia de Buenos Aires,,La cuarentena sigue siendo muy necesaria,"No, tuve que hacerlo de manera presencial",Soy administrativa en una clínica ,Estoy muy de acuerdo con que se pueda volver a circular entre provincias,Si están en condiciones sanitarias de hacerlo no está mal que pueda. Hacerlo,,"7/1/2020, 5:48:57 PM"
Mujer,Entre 36 y 45 años,Otra provincia,Cordoba,La cuarentena sigue siendo muy necesaria,"No, todavía no pude volver a hacerlo",Empleada de una maestra,Estoy algo en desacuerdo con que se pueda volver a circular entre provincias,Tiene q haber estrictas normas de protocolos para saber en cada limite si circula alguien con el virus,,"7/1/2020, 5:54:21 PM"
Mujer,Entre 46 y 55 años,Ciudad Autónoma de Buenos Aires,,La cuarentena sigue siendo muy necesaria,"Si, pude hacerlo online","Empleada admistrativa,pues trabajar perfectamente,",Estoy muy en desacuerdo con que se pueda volver a circular entre provincias,Expande la circulación del covid,,"7/1/2020, 7:01:13 PM"
Mujer,Entre 26 y 35 años,Ciudad Autónoma de Buenos Aires,,La cuarentena sigue siendo muy necesaria,"Si, pude hacerlo online",,Estoy muy en desacuerdo con que se pueda volver a circular entre provincias,,,"7/1/2020, 7:05:31 PM"
Mujer,Entre 36 y 45 años,Provincia de Buenos Aires,,La cuarentena sigue siendo muy necesaria,"Si, pude hacerlo online",,Estoy algo en desacuerdo con que se pueda volver a circular entre provincias,,,"7/1/2020, 7:07:42 PM"
Mujer,Entre 36 y 45 años,Provincia de Buenos Aires,,La cuarentena sigue siendo muy necesaria,"Si, pude hacerlo online",,Estoy muy en desacuerdo con que se pueda volver a circular entre provincias,,,"7/1/2020, 8:36:47 PM"
Mujer,Entre 46 y 55 años,Otra provincia,Córdoba ,La cuarentena ya no es nada necesaria,"No, todavía no pude volver a hacerlo",Calculista. No hay obras nuevas. La construcción está parada,Estoy algo en desacuerdo con que se pueda volver a circular entre provincias,Debería permitirse la circulación entre provincias en similar situación epidemiológica ,,"7/1/2020, 9:02:15 PM"
Mujer,Entre 36 y 45 años,Otra provincia,Chaco,La cuarentena sigue siendo muy necesaria,"No, todavía no pude volver a hacerlo",Empleada doméstica,Estoy algo en desacuerdo con que se pueda volver a circular entre provincias,Hay provincias q tiene más contagiados q otras y no está bueno que tengan más covid 19,,"7/1/2020, 9:19:37 PM"
Hombre,Entre 26 y 35 años,Provincia de Buenos Aires,,La cuarentena sigue siendo muy necesaria,"No, tuve que hacerlo de manera presencial","Empleado de Comercio, hipermercado",Estoy muy en desacuerdo con que se pueda volver a circular entre provincias,No Tiene que haber mas casos de coronavirus para la libre circulación entre provincias,,"7/1/2020, 9:32:13 PM"
Mujer,Entre 36 y 45 años,Provincia de Buenos Aires,,La cuarentena sigue siendo muy necesaria,"No, todavía no pude volver a hacerlo",Soy conductora de radio y me faltan rendir finales 4 y 7 cursadas para recibirme de profe geografia.,Estoy algo en desacuerdo con que se pueda volver a circular entre provincias,Creo que la forma de erradicar la pandemia es con la menos circulacion posible ,,"7/1/2020, 9:45:23 PM"
Mujer,Entre 36 y 45 años,Provincia de Buenos Aires,,La cuarentena sigue siendo muy necesaria,"Si, pude hacerlo online",Ama d casa,Estoy muy en desacuerdo con que se pueda volver a circular entre provincias,Q puede generar contagios,,"7/1/2020, 10:01:59 PM"
Mujer,Entre 36 y 45 años,Otra provincia,Entre Rios,La cuarentena sigue siendo muy necesaria,No trabajo ni estudio,"Ama de casa,se a dificultado la escuela de mis hijos pero se trata de hacer todo lo pocible",Estoy muy en desacuerdo con que se pueda volver a circular entre provincias,Me parece mejor resguarda cada provincia.para que deje de circular el virus,,"7/1/2020, 10:10:44 PM"
Mujer,Entre 36 y 45 años,Provincia de Buenos Aires,,La cuarentena sigue siendo muy necesaria,"Si, pude hacerlo online",,Estoy muy de acuerdo con que se pueda volver a circular entre provincias,,,"7/1/2020, 10:24:28 PM"
Mujer,Entre 36 y 45 años,Otra provincia,Santa Fe,La cuarentena sigue siendo muy necesaria,"Si, pude hacerlo online",,Estoy muy en desacuerdo con que se pueda volver a circular entre provincias,No la veo prudente por el momento.,,"7/1/2020, 10:45:21 PM"
Mujer,Entre 36 y 45 años,Otra provincia,Misiones,La cuarentena sigue siendo muy necesaria,"No, tuve que hacerlo de manera presencial",,Estoy muy en desacuerdo con que se pueda volver a circular entre provincias,,,"7/1/2020, 11:24:38 PM"
Mujer,Entre 26 y 35 años,Otra provincia,Santa Fe,La cuarentena sigue siendo muy necesaria,"No, tuve que hacerlo de manera presencial",,Estoy algo en desacuerdo con que se pueda volver a circular entre provincias,,,"7/1/2020, 11:48:19 PM"
Mujer,Entre 36 y 45 años,Provincia de Buenos Aires,,La cuarentena sigue siendo algo necesaria,"No, todavía no pude volver a hacerlo",Manualidades para cumples de 15,Estoy algo de acuerdo con que se pueda volver a circular entre provincias,No se qe pensar,,"7/1/2020, 11:49:38 PM"
Mujer,Entre 36 y 45 años,Provincia de Buenos Aires,,La cuarentena ya no es tan necesaria,"No, todavía no pude volver a hacerlo",,Estoy muy en desacuerdo con que se pueda volver a circular entre provincias,,,"7/1/2020, 11:56:01 PM"
Mujer,Entre 36 y 45 años,Otra provincia,Chaco ,La cuarentena ya no es tan necesaria,"Si, pude hacerlo online",Médica ,Estoy muy de acuerdo con que se pueda volver a circular entre provincias,Es necesario poder recuperar el derecho constitucional de transitar por el país,,"7/2/2020, 12:50:44 AM"
Mujer,Entre 36 y 45 años,Provincia de Buenos Aires,,La cuarentena sigue siendo muy necesaria,"No, todavía no pude volver a hacerlo",Empleada de comercio ,Estoy muy en desacuerdo con que se pueda volver a circular entre provincias,Es trsldar el virus a otra provincia q quizás no esté tan mal como Bs As ,,"7/2/2020, 12:52:58 AM"
Mujer,Entre 36 y 45 años,Provincia de Buenos Aires,,La cuarentena ya no es nada necesaria,"Si, pude hacerlo online",,Estoy muy de acuerdo con que se pueda volver a circular entre provincias,,,"7/2/2020, 2:19:39 AM"
Mujer,Entre 36 y 45 años,Provincia de Buenos Aires,,La cuarentena sigue siendo muy necesaria,No trabajo ni estudio,,Estoy muy en desacuerdo con que se pueda volver a circular entre provincias,,,"7/2/2020, 2:21:22 AM"
Mujer,Entre 36 y 45 años,Otra provincia,Rio Negro,La cuarentena ya no es tan necesaria,"No, todavía no pude volver a hacerlo",Trabajo por hora en casas,Estoy algo en desacuerdo con que se pueda volver a circular entre provincias,No me parece conveniente,,"7/2/2020, 2:22:10 AM"
Mujer,Entre 36 y 45 años,Provincia de Buenos Aires,Llavallol,La cuarentena sigue siendo algo necesaria,No trabajo ni estudio,"Ama de casa y mama si pude trabajar con mis hijos en educarlos online y ayurarlos con sus tareas por whatsap nos comunicamos con su seño e.mail, mensenger y facebook ",Estoy algo en desacuerdo con que se pueda volver a circular entre provincias,Por el riesgo de llevar el virus a las provincias que ya no tenga casos y expandir los contagios ,,"7/2/2020, 2:23:17 AM"
Mujer,Entre 36 y 45 años,Otra provincia,Entre rios,La cuarentena ya no es tan necesaria,"No, tuve que hacerlo de manera presencial",,Estoy algo de acuerdo con que se pueda volver a circular entre provincias,,,"7/2/2020, 2:24:41 AM"
Mujer,Entre 26 y 35 años,Otra provincia,Córdoba ,La cuarentena ya no es nada necesaria,"Si, pude hacerlo online",,Estoy algo de acuerdo con que se pueda volver a circular entre provincias,No deben dejar ingresar a habitantes de buenos aires,,"7/2/2020, 2:52:15 AM"
Mujer,Entre 56 y 65 años,Provincia de Buenos Aires,,La cuarentena sigue siendo algo necesaria,No trabajo ni estudio,"Me quedé sin trabajo,con mí hijo,con parálisis cerebral,vivo sola con él,alquilo, quedé absolutamente fuera del sistema",Estoy algo de acuerdo con que se pueda volver a circular entre provincias,"Creo que todavía no es el momento, más ven las provincias donde tienen muy pocos casos.",,"7/2/2020, 6:51:29 AM"
Mujer,Entre 26 y 35 años,Provincia de Buenos Aires,,La cuarentena ya no es nada necesaria,"No, tuve que hacerlo de manera presencial",Soy empleada  doméstica hace 13 años mis jefes se fueron a Uruguay. En avión privado! Me llamaron y me dijeron cuando pase esto recién va volver a cobrar el sueldo en negro o sea me di cuenta que ni era importante para ellos .y emocionalmente de ese día estoy con siquiatras. ,Estoy muy de acuerdo con que se pueda volver a circular entre provincias,,,"7/2/2020, 8:54:19 AM"
Mujer,Entre 36 y 45 años,Ciudad Autónoma de Buenos Aires,,La cuarentena sigue siendo muy necesaria,"Si, pude hacerlo online",,Estoy algo de acuerdo con que se pueda volver a circular entre provincias,,,"7/2/2020, 9:00:24 AM"
Mujer,Entre 26 y 35 años,Provincia de Buenos Aires,,La cuarentena sigue siendo algo necesaria,"Si, pude hacerlo online",Pude estudiar con algunas complicaciones como fueron los Cortes de luz.,Estoy algo en desacuerdo con que se pueda volver a circular entre provincias,Creo que es un riesgo en provincia que aún tienen algún tipo de caso porque si llega aunque sea un caso es empezar de 0 de nuevo en esa provincia. ,,"7/2/2020, 9:29:40 AM"
Mujer,Entre 36 y 45 años,Provincia de Buenos Aires,,La cuarentena ya no es nada necesaria,"No, tuve que hacerlo de manera presencial",,Estoy muy de acuerdo con que se pueda volver a circular entre provincias,,,"7/2/2020, 9:45:52 AM"
Mujer,Entre 26 y 35 años,Provincia de Buenos Aires,,La cuarentena sigue siendo algo necesaria,"No, todavía no pude volver a hacerlo",Trabaja en negro en una empresa textil por la cual no me pagan y me estoy endeudando. ,Estoy algo en desacuerdo con que se pueda volver a circular entre provincias,Hasta que no esté la vacuna. Lo considero un riesgo,,"7/2/2020, 9:59:57 AM"
Mujer,Entre 36 y 45 años,Provincia de Buenos Aires,Buenos Aires,La cuarentena ya no es nada necesaria,"No, todavía no pude volver a hacerlo",La cuarentena es una farsa.,Estoy muy de acuerdo con que se pueda volver a circular entre provincias,El presidente tiene los peores asesores. Pendientes del aborto y no de la necesidad del pueblo. Despotat. Antipatria. ,,"7/2/2020, 2:01:39 PM"
Mujer,Entre 26 y 35 años,Provincia de Buenos Aires,,La cuarentena sigue siendo muy necesaria,"No, todavía no pude volver a hacerlo",Soy empleada d comercio  ,Estoy muy en desacuerdo con que se pueda volver a circular entre provincias,Me parece q no es necesario. Si no es por algo d urgencia o por haberse quedado barado.,,"7/2/2020, 3:02:22 PM"
Mujer,Entre 26 y 35 años,Provincia de Buenos Aires,,La cuarentena ya no es tan necesaria,No trabajo ni estudio,,Estoy muy en desacuerdo con que se pueda volver a circular entre provincias,Esta   mal,,"7/2/2020, 4:44:19 PM"
Mujer,Entre 46 y 55 años,Provincia de Buenos Aires,,La cuarentena sigue siendo muy necesaria,"No, todavía no pude volver a hacerlo",,Estoy algo en desacuerdo con que se pueda volver a circular entre provincias,,,"7/2/2020, 6:28:46 PM"
Mujer,Entre 36 y 45 años,Provincia de Buenos Aires,,La cuarentena ya no es nada necesaria,"No, todavía no pude volver a hacerlo",Soy empleada en casa de familia hago limpiezas x horas no trabajo hace 3 meses ,Estoy muy de acuerdo con que se pueda volver a circular entre provincias,T,,"7/2/2020, 7:11:46 PM"
Mujer,Entre 26 y 35 años,Provincia de Buenos Aires,Buenos Aires,La cuarentena ya no es nada necesaria,No trabajo ni estudio,,Estoy muy de acuerdo con que se pueda volver a circular entre provincias,,,"7/2/2020, 7:22:27 PM"
Mujer,Entre 36 y 45 años,Otra provincia,Chac,La cuarentena sigue siendo muy necesaria,"No, todavía no pude volver a hacerlo",Empleada pública en atea provisional ,Estoy algo en desacuerdo con que se pueda volver a circular entre provincias,Es necesario en circulación esencial. Deben resguardar del contagio que puede ingresar a sus provonciaz,,"7/2/2020, 7:31:44 PM"
Mujer,Entre 36 y 45 años,Otra provincia,Santa Fe ,La cuarentena sigue siendo algo necesaria,"No, tuve que hacerlo de manera presencial",Soy enfermera ,Estoy muy en desacuerdo con que se pueda volver a circular entre provincias,"Considero que solos lo esencial debería circular, las demás personas no, más aún hasta que no cedan los contagios en provincias complicadas ",,"7/2/2020, 8:04:55 PM"
Mujer,Entre 36 y 45 años,Otra provincia,Santa Fe ,La cuarentena sigue siendo muy necesaria,"Si, pude hacerlo online",soy docente ,Estoy muy en desacuerdo con que se pueda volver a circular entre provincias,,,"7/2/2020, 9:22:22 PM"
Mujer,Entre 36 y 45 años,Otra provincia,Tucumán ,La cuarentena sigue siendo muy necesaria,"Si, pude hacerlo online",,Estoy muy en desacuerdo con que se pueda volver a circular entre provincias,,,"7/2/2020, 9:31:58 PM"
Mujer,Entre 26 y 35 años,Otra provincia,San Luis,La cuarentena sigue siendo algo necesaria,"Si, pude hacerlo online","Ventas, negocios, ",Estoy muy en desacuerdo con que se pueda volver a circular entre provincias,"Que es peligroso, la confianza es algo que sale mal.",,"7/2/2020, 9:49:38 PM"
Mujer,Entre 36 y 45 años,Otra provincia,Córdoba,La cuarentena ya no es tan necesaria,"No, tuve que hacerlo de manera presencial",Empleada administrativa del sector salud,Estoy algo de acuerdo con que se pueda volver a circular entre provincias,"Estoy de acuerdo con todas las provincias, excepto Buenos Aires. Y deberian cerrar las fronteras. Hay camiones de Chile y Brasil",,"7/2/2020, 10:30:32 PM"
Mujer,Entre 36 y 45 años,Provincia de Buenos Aires,,La cuarentena sigue siendo muy necesaria,"No, todavía no pude volver a hacerlo",Creo que la cuarentena tiene que ser bien estricta para que funcione aunque es algo muy triste lo que pasa es necesario para no seguir creciendo en los contagios,Estoy muy en desacuerdo con que se pueda volver a circular entre provincias,Creo que no es el momento primero hay que controlar la pandemia,,"7/2/2020, 10:32:45 PM"
Mujer,Entre 36 y 45 años,Otra provincia,Córdoba ,La cuarentena sigue siendo muy necesaria,"No, todavía no pude volver a hacerlo",,Estoy algo de acuerdo con que se pueda volver a circular entre provincias,,,"7/2/2020, 11:03:27 PM"
Mujer,Entre 36 y 45 años,Provincia de Buenos Aires,,La cuarentena sigue siendo muy necesaria,"Si, pude hacerlo online","Trabajo on line , hago envíos a domicilio....",Estoy muy de acuerdo con que se pueda volver a circular entre provincias,"Si estoy de acuerdo,.... ya que yo trabajo haciendo envíos , y también tendría que viajar para buscar repuestos por mi actividad. Siempre con todas las precauciones necesarias, para evitar contagio.",,"7/2/2020, 11:43:10 PM"
Mujer,Entre 36 y 45 años,Otra provincia,Santa fé,La cuarentena sigue siendo algo necesaria,"No, tuve que hacerlo de manera presencial",Soy comerciante. Nunca deje de trabajar. Mi rubro es alimenticio,Estoy algo de acuerdo con que se pueda volver a circular entre provincias,Me parece necesario. En mi caso mi familia está en E. Ríos. Hace más de 4 meses que no nos vemos. Necesito visitarlos...por mi salud mental! ,,"7/2/2020, 11:56:08 PM"
Mujer,Entre 36 y 45 años,Provincia de Buenos Aires,San miguel,La cuarentena sigue siendo muy necesaria,"No, tuve que hacerlo de manera presencial",Empleada,Estoy muy en desacuerdo con que se pueda volver a circular entre provincias,,,"7/3/2020, 12:12:27 AM"
Mujer,Entre 36 y 45 años,Provincia de Buenos Aires,,La cuarentena sigue siendo muy necesaria,"Si, pude hacerlo online",,Estoy muy en desacuerdo con que se pueda volver a circular entre provincias,,,"7/3/2020, 12:14:37 AM"
Hombre,Entre 18 y 25 años,Provincia de Buenos Aires,,La cuarentena ya no es nada necesaria,"Si, pude hacerlo online",,Estoy muy de acuerdo con que se pueda volver a circular entre provincias,,,"7/3/2020, 12:40:07 AM"
Mujer,Entre 36 y 45 años,Provincia de Buenos Aires,,La cuarentena sigue siendo algo necesaria,"No, todavía no pude volver a hacerlo",Trabajo en pastelería y eventos.,Estoy algo de acuerdo con que se pueda volver a circular entre provincias,,,"7/3/2020, 12:54:31 AM"
Mujer,Entre 36 y 45 años,Provincia de Buenos Aires,,La cuarentena sigue siendo muy necesaria,No trabajo ni estudio,,Estoy algo en desacuerdo con que se pueda volver a circular entre provincias,,,"7/3/2020, 1:32:12 AM"
Mujer,Entre 36 y 45 años,Provincia de Buenos Aires,,La cuarentena sigue siendo algo necesaria,No trabajo ni estudio,,Estoy muy de acuerdo con que se pueda volver a circular entre provincias,Si no hay circulación de virus me parece correcto que se pueda circular libremente,,"7/3/2020, 1:41:11 AM"
Mujer,Entre 36 y 45 años,Provincia de Buenos Aires,,La cuarentena sigue siendo muy necesaria,"No, todavía no pude volver a hacerlo",Soy empleada doméstica y solo se hace de manera presencial.,Estoy muy en desacuerdo con que se pueda volver a circular entre provincias,Si el virus lo llevan las personas para hacer circulación del mismo es innecesario provocar más contagios,,"7/3/2020, 1:54:51 AM"
Mujer,Entre 36 y 45 años,Provincia de Buenos Aires,,La cuarentena sigue siendo muy necesaria,"Si, pude hacerlo online",,Estoy algo de acuerdo con que se pueda volver a circular entre provincias,,,"7/3/2020, 3:05:10 AM"
